"Module","Cmdlet","Example","Line","RuleName","ProblemId","Severity","Description","Extent","Remediation"
"Az.Dashboard","Get-AzGrafanaOperation","1","0","MissingExampleTitle","5043","1","Title of the example is missing.","D:\a\_work\1\s\src\Dashboard\Dashboard.Autorest\docs\Get-AzGrafanaOperation.md","Add title for the example. Remove any placeholders."
"Az.Dashboard","Get-AzGrafanaOperation","1","0","MissingExampleCode","5044","1","Code of the example is missing.","D:\a\_work\1\s\src\Dashboard\Dashboard.Autorest\docs\Get-AzGrafanaOperation.md","Add code for the example. Remove any placeholders."
"Az.Dashboard","Get-AzGrafanaOperation","1","0","MissingExampleDescription","5046","1","Description of the example is missing.","D:\a\_work\1\s\src\Dashboard\Dashboard.Autorest\docs\Get-AzGrafanaOperation.md","Add description for the example. Remove any placeholders."
"Az.Dashboard","Get-AzGrafanaOperation","2","0","MissingExampleTitle","5043","1","Title of the example is missing.","D:\a\_work\1\s\src\Dashboard\Dashboard.Autorest\docs\Get-AzGrafanaOperation.md","Add title for the example. Remove any placeholders."
"Az.Dashboard","Get-AzGrafanaOperation","2","0","MissingExampleCode","5044","1","Code of the example is missing.","D:\a\_work\1\s\src\Dashboard\Dashboard.Autorest\docs\Get-AzGrafanaOperation.md","Add code for the example. Remove any placeholders."
"Az.Dashboard","Get-AzGrafanaOperation","2","0","MissingExampleDescription","5046","1","Description of the example is missing.","D:\a\_work\1\s\src\Dashboard\Dashboard.Autorest\docs\Get-AzGrafanaOperation.md","Add description for the example. Remove any placeholders."
"Az.Dashboard","Get-AzGrafanaOperation","1","0","MissingExampleTitle","5043","1","Title of the example is missing.","D:\a\_work\1\s\src\Dashboard\Dashboard\help\Get-AzGrafanaOperation.md","Add title for the example. Remove any placeholders."
"Az.Dashboard","Get-AzGrafanaOperation","1","0","MissingExampleCode","5044","1","Code of the example is missing.","D:\a\_work\1\s\src\Dashboard\Dashboard\help\Get-AzGrafanaOperation.md","Add code for the example. Remove any placeholders."
"Az.Dashboard","Get-AzGrafanaOperation","1","0","MissingExampleDescription","5046","1","Description of the example is missing.","D:\a\_work\1\s\src\Dashboard\Dashboard\help\Get-AzGrafanaOperation.md","Add description for the example. Remove any placeholders."
"Az.Dashboard","Get-AzGrafanaOperation","2","0","MissingExampleTitle","5043","1","Title of the example is missing.","D:\a\_work\1\s\src\Dashboard\Dashboard\help\Get-AzGrafanaOperation.md","Add title for the example. Remove any placeholders."
"Az.Dashboard","Get-AzGrafanaOperation","2","0","MissingExampleCode","5044","1","Code of the example is missing.","D:\a\_work\1\s\src\Dashboard\Dashboard\help\Get-AzGrafanaOperation.md","Add code for the example. Remove any placeholders."
"Az.Dashboard","Get-AzGrafanaOperation","2","0","MissingExampleDescription","5046","1","Description of the example is missing.","D:\a\_work\1\s\src\Dashboard\Dashboard\help\Get-AzGrafanaOperation.md","Add description for the example. Remove any placeholders."
